,Date,Unix,Ticker,DE Ratio,Price,stock_p_change,SP500,sp500_p_change,Difference
0,2005-02-19 21:29:46,1108819786.0,esrx,0.345,76.85,0.0,1210.339966,0.0,0.0
1,2007-05-27 21:41:53,1180273313.0,esrx,1.056,99.19,29.0696161353,1507.51001,24.5526093782,4.51700675715
2,2005-04-27 12:58:19,1114577899.0,esrx,0.29,85.02,10.6310995446,1156.380005,-4.45824830344,15.089347848
3,2007-04-09 15:21:47,1176103307.0,esrx,1.289,86.0,11.9063109954,1444.609985,19.3557203415,-7.44940934602
4,2007-03-22 02:06:12,1174500372.0,esrx,1.289,83.6,8.78334417697,1434.540039,18.5237271592,-9.74038298218
5,2004-06-23 01:21:26,1087924886.0,esrx,0.473,77.56,0.9238776838,1144.060059,-5.47613966835,6.40001735215
6,2007-06-11 03:11:55,1181502715.0,esrx,1.056,97.9,27.3910214704,1509.119995,24.6856286162,2.70539285421
7,2007-01-28 02:06:11,1169921171.0,esrx,1.68,69.94,-8.99154196487,1423.900024,17.6446340697,-26.6361760346
8,2004-05-18 10:01:38,1084845698.0,esrx,0.473,76.68,-0.221210149642,1091.48999,-9.81955312876,9.59834297912
9,2004-09-19 12:15:32,1095567332.0,esrx,0.318,63.54,-17.3194534808,1123.5,-7.17484082485,-10.144612656
10,2007-03-20 18:29:44,1174386584.0,esrx,1.68,84.5,9.9544567339,1410.939941,16.5738536804,-6.61939694648
11,2006-06-18 07:31:37,1150587097.0,esrx,0.91,68.08,-11.4118412492,1256.160034,3.78571883001,-15.1975600792
12,2005-09-13 05:33:10,1126560790.0,esrx,0.263,60.54,-21.2231620039,1231.199951,1.72348146686,-22.9466434708
13,2005-11-15 04:46:38,1132001198.0,esrx,0.276,77.28,0.559531554977,1229.01001,1.5425454438,-0.983013888821
14,2003-10-27 06:16:03,1067206563.0,nflx,0.005,51.99,0.0,1031.130005,0.0,0.0
15,2009-01-12 10:22:18,1231726938.0,nflx,0.121,32.26,-37.9496056934,870.26001,-15.6013300185,-22.3482756749
16,2004-10-23 06:00:28,1098482428.0,nflx,0.002,9.8,-81.1502211964,1103.660034,7.03403340493,-88.1842546013
17,2009-01-30 23:41:44,1233330104.0,nflx,0.113,36.14,-30.4866320446,825.880005,-19.905346465,-10.5812855796
18,2005-01-11 06:31:37,1105396297.0,nflx,0.001,11.27,-78.3227543758,1182.98999,14.7275304049,-93.0502847807
19,2007-03-22 01:29:00,1174498140.0,ew,0.315,49.56,0.0,1434.540039,0.0,0.0
20,2004-09-23 16:21:25,1095927685.0,ew,0.534,35.73,-27.9055690073,1108.359985,-22.7376054437,-5.16796356354
21,2007-04-04 17:15:22,1175678122.0,ew,0.315,51.38,3.67231638418,1439.369995,0.336690219073,3.33562616511
22,2003-10-27 03:19:44,1067195984.0,ew,0.506,28.59,-42.3123486683,1031.130005,-28.1212111919,-14.1911374763
23,2005-01-29 02:49:20,1106938160.0,ew,0.449,40.17,-18.9467312349,1174.069946,-18.1570458766,-0.789685358227
24,2004-11-01 19:09:11,1099307351.0,ew,0.449,34.19,-31.01291364,1130.51001,-21.1935547795,-9.81935886049
25,2007-03-20 13:03:14,1174366994.0,ew,0.315,49.17,-0.786924939467,1410.939941,-1.64513344754,0.858208508077
26,2009-01-06 22:09:52,1231250992.0,hes,0.321,57.98,0.0,934.700012,0.0,0.0
27,2008-04-26 01:55:04,1209146104.0,hes,0.407,109.98,89.6860986547,1379.930054,47.6334691649,42.0526294898
28,2008-04-10 07:45:45,1207784745.0,hes,0.407,98.3,69.5412211107,1360.550049,45.5600761242,23.9811449865
29,2005-02-07 15:28:58,1107761338.0,swk,0.483,47.6,0.0,1201.719971,0.0,0.0
30,2004-10-15 12:00:38,1097812838.0,swk,0.757,41.5,-12.8151260504,1108.199951,-7.78218072902,-5.0329453214
31,2008-02-01 09:50:20,1201830620.0,swk,0.871,51.36,7.89915966387,1395.420044,16.1185698561,-8.21941019221
32,2006-07-08 12:18:53,1152332333.0,swk,0.921,45.66,-4.0756302521,1270.910034,5.75758618228,-9.83321643438
33,2003-11-03 19:21:53,1067858513.0,swk,1.163,33.34,-29.9579831933,1059.02002,-11.8746425493,-18.083340644
34,2005-03-06 21:38:27,1110116307.0,swk,0.483,47.31,-0.609243697479,1210.469971,0.728123041237,-1.33736673872
35,2005-05-09 14:09:07,1115618947.0,swk,0.542,43.24,-9.15966386555,1178.839966,-1.90393815133,-7.25572571422
36,2005-12-06 22:29:14,1133879354.0,swk,0.492,48.17,1.1974789916,1263.699951,5.15760588953,-3.96012689794
37,2004-04-14 14:10:13,1081923013.0,swk,0.806,43.04,-9.57983193277,1128.170044,-6.12038817486,-3.45944375791
38,2004-11-10 19:48:37,1100087317.0,esv,0.261,29.7,0.0,1162.910034,0.0,0.0
39,2007-04-07 06:27:04,1175898424.0,esv,0.148,55.35,86.3636363636,1439.369995,23.7731168291,62.5905195345
40,2008-06-26 01:01:34,1214413294.0,esv,0.077,80.34,170.505050505,1283.150024,10.339577997,160.165472508
41,2005-08-30 06:33:43,1125354823.0,esv,0.217,38.65,30.1346801347,1208.410034,3.91259845299,26.2220816817
42,2006-05-24 18:52:01,1148467921.0,esv,0.183,46.28,55.8249158249,1258.569946,8.22590821329,47.5990076116
43,2007-03-20 12:17:37,1174364257.0,esv,0.148,53.19,79.0909090909,1410.939941,21.3283830863,57.7625260047
44,2005-01-28 12:42:17,1106887337.0,esv,0.261,34.25,15.3198653199,1171.359985,0.726621213417,14.5932441064
45,2006-08-31 07:37:05,1156981025.0,nrg,1.271,50.67,0.0,1303.819946,0.0,0.0
46,2005-05-28 12:34:28,1117254868.0,nrg,1.237,35.22,-30.4914150385,1190.01001,-8.72896110764,-21.7624539308
47,2008-10-05 21:34:39,1223213679.0,nrg,1.658,21.78,-57.0159857904,1114.280029,-14.5372769899,-42.4787088005
48,2005-03-29 07:34:43,1112052883.0,nrg,1.39,34.55,-31.8136964673,1165.359985,-10.6195614989,-21.1941349685
49,2007-04-08 00:09:42,1175962182.0,nrg,1.486,73.98,46.0035523979,1443.76001,10.7330820049,35.270470393
50,2008-06-26 17:23:58,1214472238.0,nrg,1.502,42.6,-15.9265837774,1283.150024,-1.58533561811,-14.3412481593
51,2005-01-28 04:31:37,1106857897.0,nrg,1.39,33.98,-32.938622459,1171.359985,-10.1593752578,-22.7792472013
52,2008-04-26 18:21:26,1209205286.0,nrg,1.454,44.11,-12.9465166765,1379.930054,5.8374707515,-18.783987428
53,2004-09-13 20:51:51,1095079911.0,nrg,1.592,26.57,-47.5626603513,1125.819946,-13.6521918188,-33.9104685325
54,2008-12-29 00:04:11,1230480251.0,hog,1.269,15.82,0.0,869.419983,0.0,0.0
55,2007-12-17 04:05:00,1197835500.0,hog,0.521,44.96,184.19721871,1445.900024,66.3062791599,117.890939551
56,2007-05-01 05:40:31,1177969231.0,hog,0.477,63.32,300.252844501,1486.300049,70.9530581378,229.299786363
57,2008-12-14 21:11:55,1229260315.0,hog,1.269,16.31,3.09734513274,873.590027,0.47963516845,2.61770996429
58,2007-03-27 03:14:13,1174936453.0,hog,0.618,60.75,284.007585335,1428.609985,64.3175925254,219.68999281
59,2009-01-23 00:21:46,1232641306.0,hog,1.269,12.4,-21.618204804,831.950012,-4.30976648026,-17.3084383238
60,2004-08-10 14:02:51,1092117771.0,irm,2.014,30.4,0.0,1079.040039,0.0,0.0
61,2007-10-17 19:13:28,1192619608.0,irm,1.818,32.12,5.65789473684,1541.23999,42.8343652038,-37.1764704669
62,2003-10-26 23:48:00,1067183280.0,irm,1.872,37.14,22.1710526316,1033.77002,-4.19539751666,26.3664501482
63,2005-04-09 19:31:28,1113046288.0,irm,2.034,28.61,-5.88815789474,1184.069946,9.73364316465,-15.6218010594
64,2006-06-19 04:13:57,1150661637.0,irm,1.829,35.82,17.8289473684,1240.130005,14.9290072822,2.89994008624
65,2004-11-07 13:41:59,1099806119.0,irm,2.015,33.17,9.11184210526,1161.670044,7.65773298613,1.45410911914
66,2007-05-29 05:26:24,1180387584.0,irm,1.696,27.39,-9.90131578947,1518.109985,40.6907927538,-50.5921085433
67,2005-09-07 19:51:29,1126093889.0,irm,1.882,35.18,15.7236842105,1236.359985,14.5796208031,1.14406340741
68,2007-12-22 06:09:30,1198274970.0,pru,1.632,93.59,0.0,1453.0,0.0,0.0
69,2004-10-14 22:02:02,1097762522.0,pru,0.543,45.71,-51.1593118923,1103.290039,-24.0681322092,-27.0911796831
70,2006-09-09 16:34:56,1157790896.0,pru,1.665,72.0,-23.0687039214,1300.26001,-10.5120433586,-12.5566605628
71,2006-05-28 06:40:18,1148769618.0,pru,1.486,75.78,-19.0298108772,1272.880005,-12.3964208534,-6.63339002382
72,2006-09-08 11:37:48,1157686668.0,pru,1.665,71.47,-23.6350037397,1298.920044,-10.6042640055,-13.0307397342
73,2007-05-05 21:37:39,1178372259.0,pru,1.548,100.61,7.50080136767,1495.920044,2.95389153476,4.54690983291
74,2005-03-14 21:56:57,1110808617.0,pru,0.522,59.25,-36.6919542686,1206.829956,-16.9421916036,-19.749762665
75,2008-05-30 00:37:09,1212079029.0,pru,1.766,75.86,-18.9443316594,1400.380005,-3.62147247075,-15.3228591886
76,2005-01-22 07:25:51,1106349951.0,pru,2.451,53.92,-42.3870071589,1184.630005,-18.4700615967,-23.9169455622
77,2007-02-20 18:35:00,1171967700.0,pru,1.381,92.87,-0.769312960786,1459.680054,0.459742188575,-1.22905514936
78,2006-08-23 09:43:29,1156297409.0,pru,1.665,71.87,-23.2076076504,1292.98999,-11.0123888507,-12.1952187997
79,2006-08-22 22:02:24,1156255344.0,pru,1.665,71.87,-23.2076076504,1298.819946,-10.6111530626,-12.5964545878
80,2007-06-22 09:28:10,1182475690.0,gild,0.586,79.35,0.0,1502.560059,0.0,0.0
81,2005-02-15 04:10:14,1108411814.0,gild,0.0,33.02,-58.3868935098,1210.119995,-19.4627870113,-38.9241064985
82,2009-01-01 04:45:46,1230756346.0,gild,0.319,51.14,-35.5513547574,869.419983,-42.1374222087,6.58606745129
83,2007-06-20 12:39:31,1182314371.0,gild,0.586,80.8,1.82734719597,1512.839966,0.684159474254,1.14318772171
84,2008-12-08 17:34:22,1228728862.0,gild,0.319,46.54,-41.3484562067,909.700012,-39.4566622112,-1.89179399548
85,2007-06-16 06:34:32,1181946872.0,gild,0.639,80.83,1.86515437933,1515.670044,0.872509882149,0.992644497183
86,2004-04-23 21:10:33,1082725833.0,gild,0.344,60.12,-24.2344045369,1140.599976,-24.0895584061,-0.144846130731
87,2006-06-18 03:33:25,1150572805.0,gild,0.072,57.86,-27.0825456837,1256.160034,-16.3986806067,-10.6838650769
88,2007-05-18 17:45:17,1179481517.0,gild,0.586,83.47,5.19218651544,1522.75,1.3437027611,3.84848375434
89,2008-04-18 17:17:02,1208510222.0,gild,0.379,51.56,-35.0220541903,1390.329956,-7.46925903745,-27.5527951528
90,2006-11-10 22:30:56,1163169056.0,gild,0.437,67.34,-15.1354757404,1380.900024,-8.09685005743,-7.03862568296
91,2007-06-18 03:23:47,1182108227.0,gild,0.586,80.83,1.86515437933,1531.050049,1.89609658724,-0.0309422079126
92,2004-11-06 23:52:14,1099756334.0,gild,0.247,37.42,-52.8418399496,1143.199951,-23.9165220616,-28.925317888
93,2005-04-14 04:30:27,1113424227.0,gild,0.0,36.97,-53.4089477001,1162.050049,-22.6619899791,-30.746957721
94,2004-06-22 14:21:50,1087885310.0,gild,0.305,63.029,-20.5683679899,1134.410034,-24.501518112,3.93315012211
95,2004-09-18 19:28:21,1095506901.0,gild,0.273,36.89,-53.5097668557,1120.369995,-25.4359259526,-28.0738409031
96,2008-01-09 03:11:55,1199819515.0,gild,0.436,46.85,-40.9577819786,1409.130005,-6.21805786999,-34.7397241086
97,2004-09-29 15:17:04,1096442224.0,hcp,0.898,25.84,0.0,1114.800049,0.0,0.0
98,2008-12-11 14:15:33,1228976133.0,hcp,1.124,25.04,-3.0959752322,873.590027,-21.6370659668,18.5410907346
99,2007-04-07 14:33:41,1175927621.0,hcp,1.883,36.25,40.286377709,1439.369995,29.1146332736,11.1717444354
100,2006-10-28 13:06:34,1162011994.0,hcp,1.578,31.49,21.8653250774,1382.219971,23.9881512599,-2.12282618254
101,2004-05-16 21:50:46,1084715446.0,hcp,0.842,22.0,-14.8606811146,1096.439941,-1.64694180059,-13.213739314
102,2008-03-28 02:24:50,1206642290.0,hcp,1.83,34.05,31.7724458204,1315.219971,17.978104879,13.7943409415
103,2005-03-29 08:38:36,1112056716.0,hcp,1.047,23.7,-8.28173374613,1165.359985,4.53533672207,-12.8170704682
104,2005-01-30 00:40:37,1107016837.0,hcp,0.978,25.52,-1.23839009288,1174.550049,5.35970554124,-6.59809563412
105,2008-03-12 11:24:39,1205292279.0,hcp,1.83,29.65,14.7445820433,1308.77002,17.3995301825,-2.65494813913
106,2006-06-24 06:48:27,1151102907.0,efx,0.655,34.59,0.0,1252.199951,0.0,0.0
107,2004-10-15 00:30:05,1097771405.0,efx,1.707,26.0,-24.8337669847,1108.199951,-11.4997608717,-13.334006113
108,2006-07-14 07:21:13,1152832873.0,efx,0.655,32.18,-6.96733159873,1236.199951,-1.27775120796,-5.68958039077
109,2007-06-14 17:43:00,1181814180.0,efx,0.491,44.34,28.1873373807,1522.969971,21.6235450084,6.56379237232
110,2005-01-26 16:43:34,1106729014.0,efx,1.476,27.95,-19.1962995085,1174.069946,-6.23941926668,-12.9568802419
111,2005-03-08 20:08:53,1110283733.0,efx,1.249,30.85,-10.8123735184,1219.430054,-2.61698596728,-8.19538755107
112,2005-11-28 21:06:32,1133183192.0,hum,0.312,45.44,0.0,1257.459961,0.0,0.0
113,2008-05-02 18:25:54,1209723954.0,hum,0.486,48.0,5.6338028169,1413.900024,12.4409577921,-6.80715497515
114,2004-09-16 18:35:08,1095330908.0,hum,0.416,19.51,-57.0642605634,1123.5,-10.6532188026,-46.4110417608
115,2007-04-10 15:13:04,1176189184.0,hum,0.512,63.22,39.1285211268,1448.390015,15.1837879473,23.9447331795
116,2004-11-24 22:46:25,1101307585.0,hum,0.369,23.95,-47.2931338028,1181.76001,-6.02006849902,-41.2730653038
117,2007-01-28 06:44:14,1169937854.0,hum,0.433,53.46,17.6496478873,1423.900024,13.2362117413,4.41343614603
118,2007-07-05 17:44:36,1183628676.0,rht,0.671,21.44,0.0,1525.400024,0.0,0.0
119,2007-04-28 13:44:13,1177739053.0,rht,0.694,21.8,1.67910447761,1495.420044,-1.96538478617,3.64448926379
120,2007-04-29 16:14:36,1177834476.0,rht,0.694,21.8,1.67910447761,1494.25,-2.04208886259,3.7211933402
121,2007-06-02 11:51:03,1180756263.0,rht,0.694,24.57,14.598880597,1530.22998,0.316635369346,14.2822452277
122,2008-12-26 14:28:28,1230272908.0,rht,0.264,13.0,-39.3656716418,872.799988,-42.7822227437,3.4165511019
123,2008-01-21 09:26:05,1200878765.0,rht,0.595,18.17,-15.2518656716,1325.189941,-13.1250871804,-2.12677849123
124,2007-05-31 04:28:11,1180556891.0,rht,0.694,22.95,7.04291044776,1530.619995,0.342203416669,6.70070703109
125,2007-04-27 13:26:11,1177651571.0,rht,0.694,21.88,2.05223880597,1494.069946,-2.05389258601,4.10613139198
126,2003-11-15 11:32:00,1068867120.0,rht,0.809,18.04,-15.8582089552,1058.530029,-30.6063975124,14.7481885572
127,2007-12-28 22:30:33,1198852233.0,rht,0.595,21.12,-1.49253731343,1478.48999,-3.07526112901,1.58272381558
128,2007-04-30 20:31:27,1177936287.0,rht,0.694,21.14,-1.39925373134,1482.369995,-2.82090129297,1.42164756163
129,2007-02-23 12:15:45,1172204145.0,rht,0.736,23.65,10.3078358209,1451.189941,-4.86495881948,15.1727946404
130,2003-11-25 20:48:40,1069764520.0,slm,20.52,37.7,0.0,1053.890015,0.0,0.0
131,2004-01-05 01:24:33,1073237073.0,slm,20.52,37.04,-1.75066312997,1122.219971,6.48359459028,-8.23425772025
132,2006-08-18 17:54:56,1155894896.0,slm,21.631,48.13,27.6657824934,1302.300049,23.5707740338,4.09500845961
133,2007-06-22 19:38:44,1182512324.0,slm,27.075,57.44,52.3607427056,1502.560059,42.5727578413,9.78798486423
134,2005-04-22 00:17:54,1114100274.0,slm,25.182,46.26,22.7055702918,1152.119995,9.32070506428,13.3848652275
135,2007-12-23 11:54:57,1198382097.0,slm,28.364,19.85,-47.3474801061,1460.119995,38.5457660874,-85.8932461935
136,2007-05-19 20:07:40,1179576460.0,slm,27.075,55.4,46.949602122,1514.140015,43.6715400515,3.27806207047
137,2007-04-19 14:57:14,1176965834.0,slm,24.79,55.04,45.9946949602,1470.72998,39.5525110844,6.44218387584
138,2005-01-17 01:16:04,1105895764.0,slm,22.566,54.97,45.8090185676,1184.52002,12.3950320376,33.4139865301
139,2004-09-20 09:22:12,1095643332.0,slm,24.001,42.25,12.0689655172,1122.199951,6.48169496131,5.58727055593
140,2008-12-19 20:05:56,1229688356.0,nyx,0.354,26.8,0.0,887.880005,0.0,0.0
141,2008-12-18 00:42:43,1229532163.0,nyx,0.354,29.1,8.58208955224,885.280029,-0.292829660017,8.87491921226
142,2007-10-21 07:09:45,1192921785.0,nyx,0.408,84.03,213.544776119,1540.079956,73.4558664828,140.088909637
143,2007-10-18 05:41:32,1192657292.0,nyx,0.408,83.0,209.701492537,1540.079956,73.4558664828,136.245626055
144,2008-06-13 22:59:26,1213369166.0,jec,0.016,90.01,0.0,1360.030029,0.0,0.0
145,2007-03-16 20:27:03,1174048023.0,jec,0.064,44.32,-50.7610265526,1386.949951,1.9793623248,-52.7403888774
146,2004-09-30 07:30:28,1096500628.0,jec,0.028,37.96,-57.8269081213,1114.579956,-18.047400996,-39.7795071253
147,2004-11-25 18:49:00,1101379740.0,jec,0.028,44.93,-50.0833240751,1177.23999,-13.4401472837,-36.6431767914
148,2008-10-12 00:49:49,1223743789.0,jec,0.018,35.78,-60.2488612376,909.919983,-33.0955961561,-27.1532650815
149,2005-02-19 21:18:05,1108819085.0,jec,0.109,53.75,-40.284412843,1210.339966,-11.0063792569,-29.2780335861
150,2008-01-24 12:11:22,1201147882.0,jec,0.022,76.99,-14.4650594378,1352.069946,-0.585287297359,-13.8797721405
151,2008-03-18 22:55:36,1205852136.0,jec,0.019,73.49,-18.353516276,1330.73999,-2.15363178573,-16.1998844902
152,2007-05-04 05:42:21,1178228541.0,ma,0.097,134.82,0.0,1505.619995,0.0,0.0
153,2006-12-07 11:50:24,1165463424.0,ma,0.099,99.13,-26.4723334817,1407.290039,-6.53086146083,-19.9414720208
154,2008-10-28 21:19:54,1225199994.0,ma,0.083,136.01,0.882658359294,940.51001,-37.5333740835,38.4160324428
155,2007-03-15 17:49:01,1173952141.0,ma,0.097,104.94,-22.1628838451,1392.280029,-7.52779362498,-14.6350902201
156,2007-07-05 01:14:05,1183569245.0,ma,0.088,162.21,20.315976858,1525.400024,1.3137464344,19.0022304236
157,2006-12-17 09:48:07,1166320087.0,ma,0.099,96.19,-28.6530188399,1425.48999,-5.32206036491,-23.330958475
158,2006-12-12 04:21:04,1165868464.0,ma,0.099,99.1,-26.4945853731,1411.560059,-6.24725603488,-20.2473293382
159,2007-01-27 11:27:52,1169868472.0,ma,0.099,108.52,-19.5074914701,1440.130005,-4.34970246261,-15.1577890075
160,2008-12-18 08:00:06,1229558406.0,ma,0.096,148.68,10.2803738318,885.280029,-41.2016291003,51.4820029321
161,2007-01-12 08:06:24,1168560384.0,ma,0.099,105.5,-21.7475152055,1430.72998,-4.97403164468,-16.7734835608
162,2007-01-22 04:03:06,1169409786.0,ma,0.099,105.03,-22.0961281709,1422.949951,-5.49076422169,-16.6053639492
163,2007-03-23 14:11:31,1174630291.0,ma,0.097,109.16,-19.0327844533,1436.109985,-4.61670343319,-14.4160810202
164,2007-01-07 13:32:29,1168147949.0,ma,0.099,101.06,-25.0407951343,1418.339966,-5.7969493823,-19.2438457519
165,2007-06-04 03:29:37,1180898977.0,ma,0.088,151.1,12.0753597389,1539.180054,2.22898600653,9.84637373239
166,2007-01-17 08:07:17,1168992437.0,ma,0.099,106.0,-21.3766503486,1430.619995,-4.98133660878,-16.3953137398
167,2008-04-07 22:11:02,1207577462.0,ma,0.076,226.25,67.8163477229,1372.540039,-8.83888075623,76.6552284791
168,2007-01-16 07:54:01,1168905241.0,ma,0.099,105.25,-21.9329476339,1431.900024,-4.8963198712,-17.0366277627
169,2007-08-09 17:24:06,1186651446.0,ma,0.08,143.41,6.37145824062,1453.089966,-3.4889300869,9.86038832752
170,2007-01-01 19:59:20,1167652760.0,ma,0.099,98.49,-26.9470404984,1418.300049,-5.79960058248,-21.147439916
171,2007-10-24 01:16:01,1193159761.0,ma,0.08,148.33,10.020768432,1515.880005,0.681447512259,9.33932091972
172,2005-04-06 23:07:25,1112800045.0,hpq,0.191,21.77,0.0,1184.069946,0.0,0.0
173,2003-10-13 03:21:25,1065986485.0,hpq,0.211,21.05,-3.30730362885,1045.349976,-11.7155215761,8.40821794727
174,2008-12-21 19:00:00,1229857200.0,hpq,0.458,35.4,62.609095085,885.280029,-25.2341441491,87.8432392341
175,2007-02-28 22:52:14,1172674334.0,hpq,0.152,39.35,80.753330271,1406.819946,18.8122332428,61.9410970282
176,2008-12-17 18:44:15,1229510655.0,hpq,0.458,37.065,70.2572347267,904.419983,-23.6176894739,93.8749242006
177,2004-06-22 17:06:08,1087895168.0,hpq,0.187,20.88,-4.08819476344,1134.410034,-4.19400155943,0.105806795996
178,2007-04-10 20:12:33,1176207153.0,hpq,0.152,40.7058,86.9811667432,1448.390015,22.3230113975,64.6581553457
179,2005-02-25 15:39:08,1109317148.0,hpq,0.191,20.4,-6.29306384933,1211.369995,2.30561117544,-8.59867502477
180,2004-10-24 20:51:51,1098622311.0,hpq,0.184,17.94,-17.5930179146,1106.48999,-6.55197408414,-11.0410438304
181,2007-10-25 01:21:20,1193246480.0,hpq,0.233,51.6,137.023426734,1514.400024,27.8978517372,109.125574997
182,2005-05-27 06:26:07,1117146367.0,hpq,0.187,23.0,5.64997703261,1198.780029,1.24233226675,4.40764476587
183,2004-08-10 05:06:31,1092085591.0,hpq,0.187,19.88,-8.68167202572,1079.040039,-8.87024515357,0.188573127851
184,2008-11-02 02:41:27,1225564887.0,hpq,0.265,38.28,75.8383096004,954.090027,-19.4228322218,95.2611418221
185,2007-05-11 12:59:31,1178859571.0,hpq,0.152,44.67,105.190629306,1505.849976,27.175761963,78.0148673434
186,2005-01-19 17:32:14,1106127134.0,hpq,0.19,20.31,-6.70647680294,1184.630005,0.0472994861403,-6.75377628908
187,2007-06-12 15:56:50,1181635010.0,hpq,0.228,45.44,108.727606798,1493.0,26.0905240475,82.6370827509
188,2007-02-21 03:02:56,1171998176.0,hpq,0.136,43.13,98.1166743225,1457.630005,23.1033698578,75.0133044646
189,2007-05-24 14:12:14,1179987134.0,hpq,0.228,45.6,109.46256316,1507.51001,27.315959255,82.1466039053
190,2007-07-13 20:01:50,1184328110.0,hpq,0.228,47.26,117.087735416,1552.5,31.1155650259,85.9721703898
191,2008-01-23 16:25:56,1201076756.0,hpq,0.212,41.35,89.9402847956,1338.599976,13.0507518177,76.8895329779
192,2007-05-27 21:39:45,1180273185.0,hpq,0.152,45.62,109.554432706,1507.51001,27.315959255,82.2384734506
193,2006-06-17 20:09:35,1150546175.0,hpq,0.135,33.04,51.768488746,1230.040039,3.88237985056,47.8861088954
194,2007-01-11 13:01:02,1168491662.0,hpq,0.136,42.2,93.8447404685,1423.819946,20.2479592367,73.5967812318
195,2007-05-01 10:43:41,1177987421.0,hpq,0.152,42.14,93.5691318328,1486.300049,25.5246832352,68.0444485976
196,2004-06-21 17:41:11,1087810871.0,mon,0.29,35.74,0.0,1130.300049,0.0,0.0
197,2003-12-15 21:55:55,1071496555.0,mon,0.296,27.42,-23.279238948,1068.040039,-5.50827278607,-17.7709661619
198,2007-04-06 22:28:01,1175869681.0,mon,0.244,57.55,61.0240626749,1437.77002,27.2025088623,33.8215538126
199,2006-12-12 14:48:12,1165906092.0,mon,0.255,47.8,33.7437045327,1411.560059,24.8836590115,8.86004552123
200,2004-09-13 20:51:43,1095079903.0,mon,0.271,36.55,2.26636821489,1125.819946,-0.396364045455,2.66273226034
201,2004-05-12 17:05:06,1084352706.0,mon,0.29,31.63,-11.4997202015,1097.280029,-2.9213499574,-8.57837024405
202,2008-10-29 01:03:05,1225213385.0,mon,0.194,83.15,132.652490207,930.090027,-17.7129977281,150.365487935
203,2008-12-29 10:59:09,1230519549.0,mon,0.194,67.72,89.4795747062,869.419983,-23.0806029099,112.560177616
204,2007-05-31 19:24:38,1180610678.0,mon,0.228,61.56,72.2439843313,1530.619995,35.4171395776,36.8268447537
205,2007-12-22 07:19:42,1198279182.0,mon,0.189,111.31,211.443760492,1453.0,28.5499369203,182.893823572
206,2006-08-18 22:57:04,1155913024.0,mon,0.311,47.06,31.6731952994,1302.300049,15.217198314,16.4559969853
207,2006-08-29 19:24:33,1156850673.0,mon,0.311,46.74,30.7778399552,1304.280029,15.3923712694,15.3854686859
208,2005-04-19 11:58:55,1113883135.0,mon,0.199,58.43,63.4862898713,1152.780029,1.98885066137,61.4974392099
209,2004-07-03 04:08:48,1088798928.0,mon,0.271,36.99,3.49748181309,1140.839966,0.932488413968,2.56499339913
210,2005-11-16 08:47:47,1132102067.0,mon,0.31,72.83,103.777280358,1231.209961,8.9277101323,94.8495702258
211,2006-05-27 20:44:43,1148733883.0,mon,0.313,83.89,134.72299944,1258.569946,11.3483050022,123.374694438
212,2007-03-10 23:19:39,1173539979.0,mon,0.244,54.03,51.1751538892,1391.969971,23.1504831157,28.0246707735
213,2006-08-24 02:05:34,1156356334.0,mon,0.311,47.22,32.1208729715,1296.060059,14.6651333995,17.455739572
214,2005-02-05 02:20:57,1107541257.0,mon,0.243,57.41,60.6323447118,1193.189941,5.56399975879,55.068344953
215,2005-02-20 04:11:50,1108843910.0,ca,0.66,26.77,0.0,1200.75,0.0,0.0
216,2007-03-14 08:11:12,1173831072.0,ca,0.746,25.05,-6.42510272693,1387.170044,15.5253003539,-21.9504030809
217,2006-10-23 12:22:17,1161577337.0,ca,0.396,25.08,-6.3130369817,1377.02002,14.6799933375,-20.9930303192
218,2004-10-10 03:49:33,1097351373.0,ca,0.479,26.54,-0.859170713485,1130.650024,-5.83801590672,4.97884519324
219,2007-04-04 17:15:37,1175678137.0,ca,0.746,26.0,-2.87635412775,1439.369995,19.8725792213,-22.7489333491
220,2006-05-28 00:35:16,1148747716.0,ca,0.371,22.16,-17.2207695181,1272.880005,6.00707932542,-23.2278488435
221,2003-10-08 21:26:55,1065619615.0,ca,0.52,28.96,8.18079940232,1033.780029,-13.9054733292,22.0862727315
222,2008-04-07 11:07:25,1207537645.0,ca,0.699,23.24,-13.1864026896,1372.540039,14.3068947741,-27.4932974637
223,2005-01-31 08:27:43,1107131263.0,ca,0.66,26.42,-1.30743369443,1181.27002,-1.62231771809,0.314884023659
224,2004-06-27 11:52:59,1088308379.0,ca,0.487,26.73,-0.14942099365,1140.650024,-5.00520308141,4.85578208776
225,2006-08-14 13:24:19,1155533059.0,ca,0.387,21.66,-19.0885319387,1268.209961,5.61815207162,-24.7066840104
226,2005-03-29 10:12:52,1112062372.0,rost,0.066,28.76,0.0,1165.359985,0.0,0.0
227,2004-09-27 08:06:54,1096243614.0,rost,0.069,23.32,-18.9151599444,1103.52002,-5.30651179,-13.6086481544
228,2005-05-11 04:30:21,1115757021.0,rost,0.065,26.21,-8.86648122392,1171.109985,0.493409768141,-9.35989099206
229,2003-12-15 22:46:52,1071499612.0,rost,0.072,52.31,81.8845618915,1068.040039,-8.35106295502,90.2356248465
230,2005-01-25 09:30:15,1106616615.0,rost,0.068,28.65,-0.38247566064,1168.410034,0.26172590781,-0.64420156845
231,2008-12-25 19:52:24,1230205944.0,xel,1.258,17.83,0.0,871.630005,0.0,0.0
232,2008-03-02 16:31:29,1204446689.0,xel,1.259,19.82,11.1609646663,1367.680054,56.9106210381,-45.7496563718
233,2005-02-20 13:39:37,1108877977.0,xel,1.277,17.86,0.168255748738,1200.75,37.7591401296,-37.5908843809
234,2004-09-10 17:18:47,1094807927.0,xel,1.249,17.34,-2.74817722939,1123.920044,28.9446253058,-31.6928025352
235,2004-11-26 16:54:53,1101459293.0,xel,1.277,18.36,2.97251822771,1182.650024,35.6825737086,-32.7100554808
236,2004-12-16 20:03:42,1103198622.0,xel,1.277,18.15,1.79472798654,1203.209961,38.0413654989,-36.2466375123
237,2005-04-03 23:26:03,1112541963.0,mos,0.793,15.85,0.0,1180.589966,0.0,0.0
238,2008-10-29 01:19:19,1225214359.0,mos,0.194,29.98,89.1482649842,930.090027,-21.2181999013,110.366464885
239,2007-07-01 06:22:11,1183242131.0,mos,0.707,39.02,146.1829653,1505.709961,27.538773356,118.644191944
240,2008-11-02 19:26:30,1225625190.0,mos,0.194,39.41,148.643533123,954.090027,-19.1853179786,167.828851102
241,2007-10-11 21:02:34,1192107754.0,mos,0.564,59.23,273.690851735,1554.410034,31.6638357741,242.027015961
242,2008-12-17 17:00:04,1229504404.0,mos,0.194,37.08,133.943217666,904.419983,-23.3925402514,157.335757917
243,2007-07-02 12:31:55,1183350715.0,mos,0.707,39.02,146.1829653,1519.430054,28.7009120659,117.482053234
244,2007-02-20 00:46:58,1171903618.0,mos,0.686,25.23,59.1798107256,1459.680054,23.6398831125,35.5399276131
245,2007-04-10 04:27:10,1176150430.0,mos,0.686,29.1,83.596214511,1448.390015,22.6835782712,60.9126362398
246,2008-06-20 22:25:35,1213971935.0,mos,0.283,152.72,863.533123028,1317.930054,11.6331742565,851.899948772
247,2005-03-12 17:50:03,1110621003.0,mos,0.793,16.85,6.30914826498,1207.01001,2.23786791019,4.0712803548
248,2004-09-18 21:29:39,1095514179.0,win,0.346,3.78,0.0,1120.369995,0.0,0.0
249,2009-02-03 17:42:48,1233654168.0,win,9.981,8.79,132.53968254,838.51001,-25.1577591562,157.697441696
250,2007-03-09 10:51:29,1173408689.0,win,11.682,14.57,285.44973545,1402.839966,25.2122042058,260.237531244
251,2008-01-23 10:53:46,1201056826.0,win,12.367,10.96,189.947089947,1338.599976,19.4783849955,170.468704952
252,2007-03-25 13:22:12,1174800132.0,tso,0.418,100.84,0.0,1434.540039,0.0,0.0
253,2008-01-23 20:25:28,1201091128.0,tso,0.493,36.51,-63.7941293138,1338.599976,-6.68786233857,-57.1062669752
254,2007-03-22 01:45:54,1174499154.0,tso,0.418,99.11,-1.71558905196,1434.540039,0.0,-1.71558905196
255,2008-11-03 20:05:27,1225713927.0,tso,0.602,9.99,-90.0932169774,966.299988,-32.6404309584,-57.452786019
256,2005-03-09 10:08:42,1110334122.0,tso,0.926,36.98,-63.3280444268,1207.01001,-15.8608350283,-47.4672093986
257,2004-11-12 20:09:20,1100261360.0,tso,0.926,30.8,-69.4565648552,1184.170044,-17.4529806205,-52.0035842347
258,2004-06-28 06:13:41,1088374421.0,tso,1.577,26.5,-73.7207457358,1133.349976,-20.9955842857,-52.7251614501
259,2005-01-08 02:52:36,1105123956.0,tso,0.926,29.04,-71.2019040063,1183.73999,-17.4829591494,-53.718944857
260,2005-02-28 19:22:12,1109589732.0,tso,0.926,36.45,-63.8536295121,1203.599976,-16.0985442526,-47.7550852595
261,2004-12-05 08:11:26,1102205486.0,schl,0.767,33.07,0.0,1190.329956,0.0,0.0
262,2005-03-15 12:14:03,1110860043.0,schl,0.631,36.87,11.4907771394,1197.75,0.62336026768,10.8674168717
263,2004-11-03 19:28:09,1099481289.0,schl,0.767,31.15,-5.80586634412,1143.199951,-3.95940678149,-1.84645956263
264,2007-03-24 17:55:59,1174730159.0,mck,0.161,57.82,0.0,1435.040039,0.0,0.0
265,2005-03-16 05:01:27,1110920487.0,mck,0.297,36.96,-36.0774818402,1188.069946,-17.2099792541,-18.8675025861
266,2004-06-23 12:51:58,1087966318.0,mck,0.287,34.46,-40.4012452439,1144.060059,-20.276784765,-20.1244604788
267,2005-04-27 12:46:51,1114577211.0,mck,0.297,36.05,-37.6513317191,1156.380005,-19.4182758966,-18.2330558225
268,2005-01-25 14:35:22,1106634922.0,mck,0.265,30.85,-46.6447595988,1168.410034,-18.5799697398,-28.064789859
269,2004-04-23 16:28:09,1082708889.0,mck,0.343,31.82,-44.9671393981,1140.599976,-20.5178988041,-24.4492405941
270,2005-02-04 07:40:40,1107474040.0,mck,0.297,36.6,-36.7001037703,1203.030029,-16.1674938465,-20.5326099238
271,2006-06-25 13:29:52,1151213392.0,mck,0.168,45.71,-20.9443099274,1245.599976,-13.2010297867,-7.74328014062
272,2005-02-04 07:43:06,1107474186.0,hig,0.361,69.31,0.0,1203.030029,0.0,0.0
273,2006-06-26 13:57:36,1151301456.0,hig,0.309,82.6,19.1747222623,1250.560059,3.95085981682,15.2238624455
274,2007-07-12 01:09:54,1184173794.0,hig,0.26,96.9,39.8066657048,1547.699951,28.6501511759,11.1565145289
275,2009-01-24 03:51:29,1232740289.0,hig,0.539,14.1,-79.656615207,840.23999,-30.156357718,-49.5002574891
276,2008-12-18 00:42:43,1229532163.0,hig,0.539,17.52,-74.7222622998,885.280029,-26.4124745302,-48.3097877696
277,2008-11-02 23:35:07,1225640107.0,hig,0.421,10.32,-85.1103736835,954.090027,-20.6927504717,-64.4176232118
278,2004-08-03 23:10:59,1091545859.0,hig,0.381,64.34,-7.17068244121,1099.689941,-8.5899840826,1.41930164139
279,2005-03-06 22:14:18,1110118458.0,hig,0.346,72.93,5.22291155677,1210.469971,0.618433606864,4.60447794991
280,2008-12-04 06:07:36,1228342056.0,hig,0.539,6.92,-90.0158707257,845.219971,-29.7424045431,-60.2734661826
281,2006-12-09 19:51:28,1165665088.0,hig,0.23,86.94,25.4364449574,1412.900024,17.4451169082,7.99132804922
282,2008-12-08 17:33:05,1228728785.0,hig,0.539,16.18,-76.6556052518,909.700012,-24.3826014255,-52.2730038263
283,2006-08-22 00:52:03,1156179123.0,hig,0.31,83.7,20.7617948348,1298.819946,7.96238786156,12.7994069732
284,2004-12-10 06:11:52,1102630312.0,hig,0.361,65.96,-4.83335737989,1188.0,-1.24934778332,-3.58400959657
285,2007-07-14 00:06:19,1184342779.0,hig,0.26,98.4,41.9708555764,1518.76001,26.2445635927,15.7262919837
286,2006-08-22 09:53:58,1156211638.0,hig,0.31,83.7,20.7617948348,1298.819946,7.96238786156,12.7994069732
287,2005-04-03 17:23:30,1112520210.0,siri,0.656,5.56,0.0,1180.589966,0.0,0.0
288,2004-12-09 01:04:22,1102525462.0,siri,0.396,6.9,24.1007194245,1189.23999,0.732686559188,23.3680328653
289,2006-06-17 07:35:16,1150500916.0,siri,8.047,4.07,-26.7985611511,1230.040039,4.18858997824,-30.9871511293
290,2008-12-18 20:04:46,1229601886.0,siri,214.157,0.1395,-97.4910071942,885.280029,-25.0137596883,-72.4772475059
291,2004-10-22 06:57:36,1098399456.0,siri,0.347,3.84,-30.9352517986,1095.73999,-7.18708259799,-23.7481692006
292,2003-12-15 22:24:15,1071498255.0,siri,0.211,2.235,-59.8021582734,1068.040039,-9.53336299997,-50.2687952734
293,2004-06-21 14:06:20,1087797980.0,siri,0.316,3.11,-44.0647482014,1130.300049,-4.2597276318,-39.8050205696
294,2009-01-10 16:31:16,1231576276.0,siri,214.157,0.14,-97.4820143885,906.650024,-23.2036481665,-74.278366222
295,2004-02-03 08:20:27,1075767627.0,siri,0.211,2.79,-49.8201438849,1136.030029,-3.77437876683,-46.0457651181
296,2003-10-26 19:04:47,1067166287.0,siri,0.194,2.38,-57.1942446043,1033.77002,-12.4361505881,-44.7580940162
297,2008-12-17 10:24:32,1229480672.0,siri,214.157,0.15,-97.3021582734,904.419983,-23.3925402514,-73.909618022
298,2005-02-06 11:50:21,1107661821.0,siri,0.396,6.415,15.3776978417,1189.890015,0.787745895513,14.5899519462
299,2004-09-17 04:10:15,1095365415.0,fti,0.434,32.31,0.0,1128.550049,0.0,0.0
300,2005-03-19 14:09:00,1111212540.0,fti,0.246,33.94,5.04487774683,1188.069946,5.27401483459,-0.22913708776
301,2007-04-10 04:13:23,1176149603.0,fti,0.261,71.0,119.746208604,1448.390015,28.3407870376,91.4054215665
302,2004-11-27 23:11:58,1101568318.0,fti,0.373,33.03,2.22841225627,1181.76001,4.71489598952,-2.48648373325
303,2007-10-31 06:37:32,1193783852.0,fti,0.509,60.1,86.0105230579,1549.380005,37.2894366867,48.7210863711
304,2005-02-14 06:58:30,1108335510.0,fti,0.246,33.55,3.83782110802,1206.140015,6.87519052157,-3.03736941355
305,2006-07-18 12:32:14,1153197134.0,abt,0.436,44.48,0.0,1236.859985,0.0,0.0
306,2004-09-20 13:31:02,1095658262.0,abt,0.543,42.92,-3.5071942446,1122.199951,-9.2702517173,5.76305747269
307,2008-04-28 03:46:55,1209325615.0,abt,0.687,51.28,15.2877697842,1396.369995,12.8963675707,2.39140221351
308,2007-04-10 20:13:09,1176207189.0,abt,0.883,57.11,28.3947841727,1448.390015,17.102180729,11.2926034436
309,2005-02-28 19:21:54,1109589714.0,abt,0.508,45.61,2.5404676259,1203.599976,-2.68906823758,5.22953586348
310,2004-10-23 22:48:08,1098542888.0,abt,0.543,40.86,-8.13848920863,1103.660034,-10.7692020613,2.63071285267
311,2005-01-25 12:44:11,1106628251.0,abt,0.508,45.93,3.25989208633,1168.410034,-5.5341713557,8.79406344203
312,2007-06-03 02:36:35,1180809395.0,abt,0.871,56.3,26.5737410072,1530.619995,23.7504659834,2.82327502377
313,2007-03-23 02:47:40,1174589260.0,abt,0.883,54.5,22.5269784173,1436.109985,16.1093415921,6.41763682514
314,2008-01-23 23:41:45,1201102905.0,abt,0.784,57.97,30.3282374101,1338.599976,8.22566759648,22.1025698136
315,2008-12-25 05:30:56,1230154256.0,abt,0.546,52.65,18.3678057554,871.630005,-29.5288055584,47.8966113138
316,2007-01-13 21:19:42,1168694382.0,abt,0.604,50.45,13.4217625899,1414.849976,14.3904720954,-0.968709505424
317,2008-10-23 21:57:42,1224770262.0,abt,0.732,55.02,23.6960431655,908.109985,-26.5794030033,50.2754461688
318,2006-06-17 18:01:01,1150538461.0,abt,0.436,42.78,-3.82194244604,1230.040039,-0.551391918464,-3.27055052758
319,2005-04-01 10:35:23,1112322923.0,stx,0.364,19.55,0.0,1172.920044,0.0,0.0
320,2004-09-18 21:29:35,1095514175.0,stx,0.401,13.79,-29.462915601,1120.369995,-4.4802754688,-24.9826401322
321,2007-06-22 20:35:55,1182515755.0,stx,0.467,22.19,13.5038363171,1502.560059,28.1042187561,-14.600382439
322,2005-02-23 08:33:25,1109118805.0,stx,0.364,17.17,-12.1739130435,1190.800049,1.52440101024,-13.6983140537
323,2008-12-20 23:59:26,1229788766.0,stx,0.437,4.55,-76.726342711,904.419983,-22.8915911509,-53.83475156
324,2006-06-27 20:29:53,1151411393.0,stx,0.116,21.08,7.82608695652,1239.199951,5.6508461373,2.17524081922
325,2009-01-22 23:27:51,1232638071.0,stx,0.437,3.23,-83.4782608696,827.5,-29.4495814755,-54.0286793941
326,2007-04-21 02:41:10,1177094470.0,stx,0.472,21.58,10.3836317136,1472.5,25.5413791871,-15.1577474736
327,2007-05-21 21:00:11,1179752411.0,stx,0.467,20.86,6.70076726343,1525.099976,30.0259112973,-23.3251440339
328,2005-05-11 00:38:55,1115743135.0,srcl,0.424,49.04,0.0,1171.109985,0.0,0.0
329,2004-08-22 18:34:55,1093170895.0,srcl,0.45,47.21,-3.73164763458,1091.22998,-6.82087985101,3.08923221642
330,2007-02-21 22:35:47,1172068547.0,srcl,0.745,79.49,62.0921696574,1457.630005,24.4656798823,37.6264897751
331,2005-09-25 01:57:20,1127584640.0,twx,0.328,17.98,0.0,1214.619995,0.0,0.0
332,2007-04-27 09:50:13,1177638613.0,twx,0.58,20.98,16.6852057842,1494.069946,23.0071917267,-6.32198594246
333,2004-02-15 05:45:40,1076795140.0,twx,0.459,17.24,-4.11568409344,1152.109985,-5.14646640573,1.0307823123
334,2007-11-04 09:02:24,1194138144.0,twx,0.606,17.88,-0.55617352614,1508.439941,24.1902773879,-24.7464509141
335,2007-04-10 09:14:21,1176167661.0,twx,0.58,21.01,16.852057842,1448.390015,19.2463503781,-2.39429253604
336,2005-12-19 18:47:48,1134989268.0,twx,0.322,18.11,0.723025583982,1259.920044,3.72956555849,-3.0065399745
337,2008-12-04 08:07:25,1228349245.0,twx,0.634,9.11,-49.3325917686,845.219971,-30.4128061057,-18.919785663
338,2007-06-29 14:22:30,1183098150.0,twx,0.584,21.29,18.4093437152,1503.349976,23.7712191623,-5.36187544701
339,2005-02-18 08:13:03,1108685583.0,twx,0.368,18.05,0.389321468298,1201.589966,-1.07276589004,1.46208735834
340,2003-12-14 15:24:19,1071386659.0,twx,0.47,17.47,-2.83648498331,1071.209961,-11.8069877485,8.97050276515
341,2008-12-06 18:40:11,1228560011.0,twx,0.634,9.51,-47.1078976641,870.73999,-28.3117358858,-18.7961617783
342,2005-09-04 02:01:37,1125770497.0,twx,0.328,17.85,-0.723025583982,1221.589966,0.57383963945,-1.29686522343
343,2007-02-12 06:42:42,1171233762.0,twx,0.58,21.28,18.3537263626,1433.369995,18.0097479788,0.343978383793
344,2007-05-27 15:35:24,1180251324.0,twx,0.584,21.51,19.6329254727,1507.51001,24.1137159116,-4.48079043887
345,2006-01-11 02:27:33,1136917653.0,twx,0.322,17.5,-2.66963292547,1294.180054,6.55020165381,-9.21983457928
346,2006-12-06 03:08:30,1165345710.0,twx,0.54,20.56,14.3492769744,1412.900024,16.324449607,-1.97517263256
347,2004-11-11 14:01:45,1100152905.0,twx,0.401,17.03,-5.28364849833,1173.47998,-3.38706880912,-1.89657968921
348,2004-08-10 14:30:44,1092119444.0,twx,0.418,15.98,-11.1234705228,1079.040039,-11.1623352619,0.0388647390991
349,2006-10-31 04:30:58,1162240258.0,twx,0.396,19.94,10.9010011123,1377.939941,13.446176308,-2.54517519566
350,2007-04-26 15:07:27,1177571247.0,twx,0.58,20.95,16.5183537264,1494.25,23.0220156223,-6.5036618959
351,2004-06-07 21:11:52,1086613912.0,twx,0.431,17.22,-4.22691879867,1140.420044,-6.10890248024,1.88198368157
352,2005-04-08 02:12:49,1112897569.0,twx,0.368,17.88,-0.55617352614,1181.199951,-2.75148146232,2.19530793618
353,2006-08-15 18:29:31,1155637771.0,twx,0.396,16.07,-10.6229143493,1285.579956,5.84215320776,-16.465067557
354,2005-04-04 23:29:29,1112628569.0,lll,0.576,71.13,0.0,1176.119995,0.0,0.0
355,2007-03-07 07:14:45,1173222885.0,lll,0.857,85.57,20.3008575847,1391.969971,18.3527171477,1.94814043699
356,2004-10-27 05:22:04,1098825724.0,lll,0.695,64.36,-9.51778433854,1125.400024,-4.31248267316,-5.20530166537
357,2004-05-22 20:08:01,1085227681.0,lll,0.729,61.26,-13.8760016871,1088.680054,-7.43461053054,-6.44139115652
358,2007-04-13 20:38:05,1176467885.0,lll,0.857,89.92,26.4164206383,1452.849976,23.5290601449,2.88736049335
359,2004-06-23 11:34:56,1087961696.0,lll,0.729,64.52,-9.29284408829,1144.060059,-2.72590689184,-6.56693719645
360,2004-12-16 20:03:30,1103198610.0,lll,0.673,74.42,4.62533389568,1203.209961,2.30333351318,2.32200038251
361,2007-03-12 20:00:18,1173700818.0,gme,0.721,54.71,0.0,1406.599976,0.0,0.0
362,2007-04-04 22:40:49,1175697649.0,gme,0.622,32.98,-39.7185158106,1439.369995,2.32973265741,-42.048248468
363,2007-12-21 22:09:27,1198246167.0,gme,0.344,61.45,12.3195028331,1484.459961,5.53533245617,6.78417037695
364,2007-10-31 12:13:05,1193803985.0,gme,0.457,57.5,5.09961615792,1549.380005,10.1507202784,-5.05110412049
365,2004-09-28 01:55:00,1096307700.0,gme,0.0,17.92,-67.245476147,1110.060059,-21.0820362619,-46.1634398851
366,2005-04-27 12:08:14,1114574894.0,gme,0.067,24.58,-55.0721988668,1156.380005,-17.7889929809,-37.2832058859
367,2007-01-29 05:34:00,1170020040.0,gme,0.721,52.25,-4.49643575215,1420.619995,0.996731070611,-5.49316682276
368,2004-04-23 18:18:58,1082715538.0,gme,0.0,18.17,-66.7885212941,1140.599976,-18.9108491781,-47.877672116
369,2007-05-29 01:19:38,1180372778.0,gme,0.506,35.79,-34.5823432645,1518.109985,7.92762767685,-42.5099709413
370,2005-01-19 18:07:59,1106129279.0,gme,0.147,19.55,-64.2661305063,1184.630005,-15.7806039235,-48.4855265828
371,2007-07-18 00:00:46,1184688046.0,apc,1.408,52.46,0.0,1546.170044,0.0,0.0
372,2007-06-15 02:55:42,1181847342.0,apc,1.408,52.77,0.59092642013,1532.910034,-0.857603602622,1.44853002275
373,2003-10-27 03:51:53,1067197913.0,apc,0.719,41.81,-20.3011818528,1031.130005,-33.3106983283,13.0095164755
374,2006-10-28 02:52:41,1161975161.0,apc,0.289,46.52,-11.3229126954,1382.219971,-10.6036249788,-0.719287716607
375,2005-01-23 01:45:43,1106415943.0,apc,0.475,63.9,21.807091117,1175.410034,-23.9792519224,45.7863430395
376,2005-03-06 05:42:18,1110058938.0,apc,0.395,81.37,55.1086542127,1210.469971,-21.7117175632,76.8203717759
377,2008-01-23 22:48:13,1201099693.0,apc,0.909,54.02,2.97369424323,1338.599976,-13.4247891301,16.3984833733
378,2008-05-11 19:06:59,1210504019.0,apc,0.901,76.33,45.50133435,1397.680054,-9.60372958823,55.1050639382
379,2007-02-18 19:32:02,1171798322.0,apc,1.542,41.33,-21.2161646969,1456.810059,-5.77944097072,-15.4367237262
380,2008-12-21 02:29:39,1229797779.0,apc,0.697,37.16,-29.1650781548,885.280029,-42.7436825312,13.5786043764
381,2007-05-01 11:54:25,1177991665.0,apc,1.542,46.66,-11.0560426992,1486.300049,-3.87214816587,-7.18389453333
382,2004-12-15 01:44:37,1103046277.0,swn,0.744,51.05,0.0,1205.719971,0.0,0.0
383,2005-03-06 01:24:53,1110043493.0,swn,0.726,61.2,19.8824681685,1210.469971,0.393955488359,19.4885126801
384,2008-01-15 22:48:37,1200408517.0,swn,0.454,56.69,11.0479921645,1380.949951,14.5332236518,-3.48523148727
385,2005-08-30 11:27:52,1125372472.0,swn,0.672,52.5,2.84035259549,1208.410034,0.223108438502,2.61724415699
386,2008-03-02 01:43:14,1204393394.0,swn,0.454,65.23,27.7766895201,1367.680054,13.4326449669,14.3440445531
387,2005-04-05 07:59:20,1112659160.0,swn,0.726,59.5,16.5523996082,1181.390015,-2.0178778311,18.5702774393
388,2007-11-04 02:21:26,1194114086.0,swn,0.323,55.48,8.6777668952,1508.439941,25.10698813,-16.4292212348
389,2006-09-06 15:14:33,1157526873.0,swn,0.106,36.92,-27.6787463271,1300.26001,7.8409615229,-35.51970785
390,2005-05-04 09:33:31,1115170411.0,shw,0.448,43.94,0.0,1175.650024,0.0,0.0
391,2005-05-28 05:14:38,1117228478.0,shw,0.625,45.0,2.41238051889,1190.01001,1.22145074698,1.19092977191
392,2004-11-14 23:16:50,1100445410.0,shw,0.559,45.44,3.4137460173,1173.47998,-0.184582482516,3.59832849981
393,2006-08-21 20:02:54,1156161774.0,shw,0.401,50.62,15.2025489304,1297.52002,10.366179859,4.83636907138
394,2004-12-10 15:43:02,1102664582.0,shw,0.559,43.96,0.045516613564,1188.0,1.05048064882,-1.00496403526
395,2007-03-19 07:36:53,1174261013.0,shw,0.439,65.71,49.5448338644,1402.060059,19.2582852361,30.2865486283
396,2006-01-17 03:48:49,1137440929.0,shw,0.445,46.01,4.71096950387,1282.930054,9.12516716795,-4.41419766408
397,2007-04-06 08:21:10,1175818870.0,shw,0.439,65.82,49.795175239,1437.77002,22.2957504911,27.4994247478
398,2007-05-29 12:08:50,1180411730.0,shw,0.54,66.9,52.2530723714,1518.109985,29.1294138569,23.1236585145
399,2004-09-30 07:21:56,1096500116.0,shw,0.341,43.37,-1.29722348657,1114.579956,-5.19457889281,3.89735540624
400,2005-03-28 14:36:21,1111991781.0,shw,0.448,44.21,0.614474283113,1174.280029,-0.116530852893,0.731005136006
401,2005-12-16 05:33:23,1134682403.0,ni,1.425,21.9,0.0,1267.319946,0.0,0.0
402,2006-01-10 10:50:05,1136861405.0,ni,1.425,20.97,-4.24657534247,1289.689941,1.7651418705,-6.01171721296
403,2003-10-14 00:34:35,1066062875.0,ni,1.572,21.15,-3.42465753425,1049.47998,-17.1890268663,13.7643693321
404,2007-04-04 17:14:04,1175678044.0,ni,1.283,24.8,13.2420091324,1439.369995,13.5758968793,-0.333887746899
405,2007-02-21 19:31:00,1172057460.0,ni,1.283,24.23,10.6392694064,1457.630005,15.0167335092,-4.37746410283
406,2004-10-24 21:02:53,1098622973.0,intu,0.0,44.43,0.0,1106.48999,0.0,0.0
407,2005-04-06 02:57:26,1112727446.0,intu,0.0,42.72,-3.84875084402,1184.069946,7.0113563341,-10.8601071781
408,2004-02-15 08:34:28,1076805268.0,intu,0.0,48.41,8.95791132118,1152.109985,4.12294692336,4.83496439782
409,2004-08-16 21:44:23,1092663863.0,intu,0.0,38.65,-13.0092279991,1079.339966,-2.45370715012,-10.555520849
410,2004-12-10 06:57:30,1102633050.0,intu,0.0,43.22,-2.72338510016,1188.0,7.3665383995,-10.0899234997
411,2007-10-26 03:09:12,1193339352.0,intu,0.492,31.37,-29.3945532298,1535.280029,38.7522745687,-68.1468277985
412,2008-12-24 21:04:59,1230123899.0,kmx,0.176,7.43,0.0,868.150024,0.0,0.0
413,2007-04-06 22:28:01,1175869681.0,kmx,0.149,24.94,235.666218035,1437.77002,65.6130830217,170.053135013
414,2004-11-29 03:12:11,1101669131.0,kmx,0.139,28.9,288.963660834,1178.569946,35.7564837204,253.207177114
415,2004-05-23 00:51:31,1085244691.0,kmx,0.153,22.42,201.749663526,1089.189941,25.4610275747,176.288635952
416,2007-02-23 09:53:38,1172195618.0,kmx,0.101,56.0,653.701211306,1451.189941,67.1588896944,586.542321611
417,2005-01-23 18:25:50,1106475950.0,kmx,0.154,29.86,301.884253028,1175.410034,35.3925014693,266.491751559
418,2008-01-22 12:28:29,1200976109.0,kmx,0.128,16.63,123.822341857,1310.5,50.9531721213,72.869169736
419,2007-03-14 03:38:38,1173814718.0,sbux,0.151,29.36,0.0,1387.170044,0.0,0.0
420,2004-12-10 18:42:43,1102675363.0,sbux,0.002,58.26,98.4332425068,1188.0,-14.358012189,112.791254696
421,2004-04-04 01:22:03,1081012923.0,sbux,0.002,39.3,33.8555858311,1132.170044,-18.3827499089,52.23833574
422,2009-01-31 07:35:33,1233358533.0,sbux,0.51,9.44,-67.8474114441,874.090027,-36.9875358266,-30.8598756176
423,2005-02-07 03:10:10,1107717010.0,sbux,0.001,50.66,72.5476839237,1201.719971,-13.3689502453,85.916634169
424,2007-04-20 10:35:36,1177036536.0,sbux,0.151,30.78,4.83651226158,1484.349976,7.00562504362,-2.16911278204
425,2004-10-24 21:03:05,1098622985.0,sbux,0.002,50.14,70.7765667575,1106.48999,-20.2340048514,91.0105716089
426,2007-05-02 12:13:26,1178079206.0,sbux,0.151,30.8975,5.23671662125,1495.920044,7.83970216704,-2.60298554579
427,2007-10-06 05:09:44,1191618584.0,sbux,0.374,26.84,-8.58310626703,1539.589966,10.9878325775,-19.5709388445
428,2007-06-24 17:38:17,1182677897.0,sbux,0.384,25.54,-13.0108991826,1522.189941,9.73347842855,-22.7443776111
429,2007-05-31 19:23:37,1180610617.0,sbux,0.384,28.69,-2.28201634877,1530.619995,10.3411944066,-12.6232107554
430,2007-04-29 07:56:12,1177804572.0,sbux,0.151,31.5,7.28882833787,1494.25,7.71931000552,-0.43048166764
431,2007-05-01 10:18:09,1177985889.0,sbux,0.151,31.02,5.65395095368,1486.300049,7.14620427602,-1.49225332234
432,2007-03-23 02:05:30,1174586730.0,sbux,0.151,31.64,7.76566757493,1436.109985,3.52804194494,4.23762562999
433,2007-07-02 00:31:46,1183307506.0,sbux,0.384,26.24,-10.6267029973,1519.430054,9.53452034032,-20.1612233376
434,2007-02-12 06:46:46,1171234006.0,sbux,0.151,32.96,12.2615803815,1433.369995,3.33051821583,8.93106216564
435,2004-06-19 18:27:08,1087640828.0,sbux,0.002,43.7,48.8419618529,1133.560059,-18.2825448183,67.1245066711
436,2007-10-17 18:33:13,1192617193.0,sbux,0.374,26.2899,-10.4567438692,1541.23999,11.1067815129,-21.5635253821
437,2007-01-15 17:15:41,1168852541.0,sbux,0.317,35.9,22.2752043597,1430.72998,3.14020160603,19.1350027536
438,2007-02-26 06:29:28,1172442568.0,sbux,0.151,32.75,11.5463215259,1449.369995,4.4839456611,7.06237586479
439,2008-12-20 00:45:18,1229705118.0,sbux,0.507,9.88,-66.348773842,904.419983,-34.8010730976,-31.5477007444
440,2007-04-30 09:08:45,1177895325.0,sbux,0.151,31.5,7.28882833787,1482.369995,6.86288976696,0.425938570915
441,2007-06-02 09:45:10,1180748710.0,sbux,0.384,29.13,-0.783378746594,1530.22998,10.3130785313,-11.0964572779
442,2003-11-20 22:54:29,1069340069.0,sbux,0.002,30.46,3.74659400545,1033.650024,-25.4849808449,29.2315748504
443,2006-12-01 14:56:52,1164956212.0,sbux,0.081,35.36,20.4359673025,1396.709961,0.687725130835,19.7482421716
444,2008-01-25 16:39:38,1201250378.0,sbux,0.553,19.78,-32.6294277929,1330.609985,-4.07737027228,-28.5520575206
445,2007-05-20 17:58:13,1179655093.0,sbux,0.384,28.95,-1.39645776567,1512.75,9.0529604891,-10.4494182548
446,2007-03-06 01:20:21,1173115221.0,sbux,0.151,29.41,0.17029972752,1395.410034,0.59401441342,-0.423714685899
447,2008-04-05 19:06:59,1207393619.0,v,0.007,64.48,0.0,1367.530029,0.0,0.0
448,2005-05-26 08:47:49,1117068469.0,v,0.462,31.17,-51.6594292804,1197.619995,-12.4245925425,-39.2348367379
449,2004-04-27 16:22:29,1083054149.0,v,1.185,26.1,-59.5223325062,1138.109985,-16.7762344618,-42.7460980444
450,2004-06-21 19:16:21,1087816581.0,v,1.185,26.54,-58.8399503722,1130.300049,-17.3473324146,-41.4926179576
451,2004-08-03 21:07:29,1091538449.0,v,1.185,24.52,-61.9727047146,1099.689941,-19.585682385,-42.3870223296
452,2005-01-24 04:31:15,1106512275.0,v,0.533,30.82,-52.2022332506,1163.75,-14.90132024,-37.3009130106
453,2008-12-17 17:00:04,1229504404.0,v,0.005,55.1,-14.547146402,904.419983,-33.8647076246,19.3175612227
454,2008-10-28 10:03:15,1225159395.0,v,0.005,46.59,-27.7450372208,940.51001,-31.2256411153,3.48060389449
455,2009-01-31 21:04:42,1233407082.0,v,0.005,49.35,-23.4646401985,874.090027,-36.0825716098,12.6179314113
456,2005-01-08 02:52:40,1105123960.0,tss,0.007,23.48,0.0,1183.73999,0.0,0.0
457,2004-11-23 03:40:08,1101152408.0,tss,0.007,25.65,9.24190800681,1176.939941,-0.574454614818,9.81636262163
458,2005-03-22 13:42:31,1111470151.0,tss,0.007,25.18,7.2402044293,1171.709961,-1.01627292325,8.25647735255
459,2006-09-02 12:05:46,1157169946.0,tss,0.004,22.44,-4.42930153322,1305.369995,10.275060911,-14.7043624442
460,2005-12-10 11:45:08,1134186308.0,tss,0.005,21.97,-6.43100511073,1257.369995,6.22011637877,-12.6511214895
461,2008-01-23 12:26:23,1201062383.0,tss,0.057,20.36,-13.2879045997,1338.599976,13.0822636143,-26.370168214
462,2005-02-17 23:00:16,1108652416.0,tss,0.007,24.35,3.70528109029,1200.75,1.43697181338,2.26830927691
